english_name,korean_name,url,status,max_views,current_views,removed_date,last_updated
dongguk,동국대,https://gall.dcinside.com/board/view/?id=dongguk&no=128215,Active,1597,1597,,2026-10-05
dongdae_urgent,동대 긴급,https://gall.dcinside.com/board/view/?id=dongguk&no=128283,Active,833,833,,2026-10-05
feminism,페미니즘,https://gall.dcinside.com/mgallery/board/view/?id=feminism1&no=686,Removed,129,0,2026-10-04,2026-10-05
seoul national,서울대,https://gall.dcinside.com/board/view/?id=seouluniversity&no=232135,Removed,333,0,2026-10-04,2026-10-05
korea,고려대,https://gall.dcinside.com/board/view/?id=koreauniversity&no=143463,Removed,315,0,2026-10-04,2026-10-05
chungang,중앙대,https://gall.dcinside.com/board/view/?id=cau&no=372500,Active,912,912,,2026-10-05
hongik,홍익대,https://gall.dcinside.com/board/view/?id=hongik&no=195828,Removed,326,0,2026-10-04,2026-10-05
hanyang,한양대,https://gall.dcinside.com/board/view/?id=hanyang&no=202335,Removed,311,0,2026-10-04,2026-10-05
k-arts,한국예술종합학교,https://gall.dcinside.com/mgallery/board/view/?id=knua&no=537,Removed,243,0,2026-10-04,2026-10-05
yonsei,연세대,https://gall.dcinside.com/board/view/?id=yonseiuniversity&no=156687,Removed,263,0,2026-10-04,2026-10-05
sungyunkwan,성균관대,https://gall.dcinside.com/board/view/?id=skku&no=309040,Removed,341,0,2026-10-04,2026-10-05
kyunghee,경희대,https://gall.dcinside.com/board/view/?id=khu&no=443988,Removed,323,0,2026-10-04,2026-10-05
sogang,서강대,https://gall.dcinside.com/board/view/?id=sogang&no=648491,Active,796,796,,2026-10-05
ewha,이화여대,https://gall.dcinside.com/board/view/?id=ewhawomans_univ&no=41186,Removed,245,0,2026-10-04,2026-10-05
seoul municipal,서울시립대,https://gall.dcinside.com/board/view/?id=uos&no=235766,Removed,385,0,2026-10-04,2026-10-05
hufs,한국외대,https://gall.dcinside.com/board/view/?id=hufs&no=248682,Removed,287,0,2026-10-04,2026-10-05
konkuk,건국대,https://gall.dcinside.com/board/view/?id=konkuk&no=205667,Removed,292,0,2026-10-04,2026-10-05
sejong,세종대,https://gall.dcinside.com/board/view/?id=sejong&no=260392,Removed,377,0,2026-10-04,2026-10-05
dongdeok womens,동덕여대,https://gall.dcinside.com/board/view/?id=dongduk&no=465172,Removed,240,0,2026-10-04,2026-10-05
sungshin womens,성신여대,https://gall.dcinside.com/board/view/?id=sungshin&no=36802,Removed,218,0,2026-10-04,2026-10-05
duksung,덕성여대,https://gall.dcinside.com/board/view/?id=duksung&no=22848,Removed,253,0,2026-10-04,2026-10-05
sookmyung womens,숙명여대,https://gall.dcinside.com/board/view/?id=sookmyungwomans_univ&no=22530,Removed,283,0,2026-10-04,2026-10-05
seoul women's uni,서울여대,https://gall.dcinside.com/board/view/?id=swu&no=9263,Active,256,0,,2026-10-05
suwon womens uni,수원여대,https://gall.dcinside.com/mini/board/view/?id=swu&no=30,Active,844,844,,2026-10-05
university students,대학생,https://gall.dcinside.com/mgallery/board/view/?id=univ&no=458,Active,740,740,,2026-10-05
antifeminism,반페미니즘,https://gall.dcinside.com/mgallery/board/view/?id=antifeminism&no=6379,Active,20,0,,2026-10-05
dongguk_witnesses,동국대 성폭력 목격자,https://gall.dcinside.com/board/view/?id=dongguk&no=128298,Active,920,920,,2026-10-05
dongguk_crisis,동국대 위기경고,https://gall.dcinside.com/board/view/?id=dongguk&no=128322,Active,1255,1255,,2026-10-05
dongguk_racial,동국대 차별,https://gall.dcinside.com/board/view/?id=dongguk&no=128340,Active,719,719,,2026-10-05
snu_sex_traffic,서울대 성매매,https://gall.dcinside.com/board/view/?id=seouluniversity&no=232624,Active,211,0,,2026-10-05
korea_sex_traffic,고려대 성매매,https://gall.dcinside.com/board/view/?id=koreauniversity&no=143576,Active,286,0,,2026-10-05
uos_sex_traffic,시립대 성매매,https://gall.dcinside.com/board/view/?id=uos&no=235792,Active,290,0,,2026-10-05
feminism_traffic,페미 성매매,https://gall.dcinside.com/mgallery/board/view/?id=feminism1&no=697,Active,734,734,,2026-10-05
karts_sex_traffic,예종원 성매매,https://gall.dcinside.com/mgallery/board/view/?id=knua&no=538,Active,110,0,,2026-10-05
skku_sex_traffic_1,성균관대 성매매 1부,https://gall.dcinside.com/board/view/?id=skku&no=309198,Active,173,0,,2026-10-05
sejong_sex_traffic_2,세종대 성매매 2부,https://gall.dcinside.com/board/view/?id=sejong&no=260427,Active,156,0,,2026-10-05
hanyang_sex_traffic_3,한양대 성매매 3부,https://gall.dcinside.com/board/view/?id=hanyang&no=202401,Active,158,0,,2026-10-05
kyunghee_sex_traffic,경희대 성매매,https://gall.dcinside.com/board/view/?id=khu&no=444066,Active,172,0,,2026-10-05
dongguk_sex_traffic,동국대 성매매,https://gall.dcinside.com/board/view/?id=dongguk&no=128382,Active,629,629,,2026-10-05
dongduk_sex_traffic,동덕여대 성매매,https://gall.dcinside.com/board/view/?id=dongduk&no=466418,Active,207,0,,2026-10-05
hongik_sex_traffic,홍익대 성매매,https://gall.dcinside.com/board/view/?id=hongik&no=195876,Active,122,0,,2026-10-05
cau_sex_traffic,중앙대 성매매,https://gall.dcinside.com/board/view/?id=cau&no=372601,Active,137,0,,2026-10-05
yonsei_sex_traffic,연세대 성매매,https://gall.dcinside.com/board/view/?id=yonseiuniversity&no=156824,Active,144,0,,2026-10-05
sogang_sex_traffic,서강대 성매매,https://gall.dcinside.com/board/view/?id=sogang&no=649175,Active,653,653,,2026-10-05
hufs_sex_traffic,한국외대 성매매,https://gall.dcinside.com/board/view/?id=hufs&no=248760,Active,183,0,,2026-10-05
konkuk_sex_traffic,건국대 성매매,https://gall.dcinside.com/board/view/?id=konkuk&no=205779,Active,139,0,,2026-10-05
sungshin_sex_traffic,성신여대 성매매,https://gall.dcinside.com/board/view/?id=sungshin&no=36916,Active,97,0,,2026-10-05
duksung_sex_traffic,덕성여대 성매매,https://gall.dcinside.com/board/view/?id=duksung&no=22870,Active,114,0,,2026-10-05
sookmyung_sex_traffic,숙명여대 성매매,https://gall.dcinside.com/board/view/?id=sookmyungwomans_univ&no=22558,Active,108,0,,2026-10-05
swu_sex_traffic,서울여대 성매매,https://gall.dcinside.com/board/view/?id=swu&no=9279,Active,205,0,,2026-10-05
suwon_womens_sex_traffic,수원여대 성매매,https://gall.dcinside.com/mini/board/view/?id=swu&no=31,Active,615,615,,2026-10-05
univ_sex_traffic,대학생 성매매,https://gall.dcinside.com/mgallery/board/view/?id=univ&no=473,Active,655,655,,2026-10-05
ewha_sex_traffic,이화여대 성매매,https://gall.dcinside.com/board/view/?id=ewhawomans_univ&no=41262,Active,103,0,,2026-10-05
dongdeok_womens_faculty_firing,동덕여대 교수 해고,https://gall.dcinside.com/board/view/?id=dongduk&no=466746,Active,124,0,,2026-10-05
seoul_national_faculty_firing,서울대 교수 해고,https://gall.dcinside.com/board/view/?id=seouluniversity&no=232910,Active,116,0,,2026-10-05
dongguk_faculty_firing,동국대 교수 해고,https://gall.dcinside.com/board/view/?id=dongguk&no=128401,Active,600,600,,2026-10-05
chungang_faculty_firing,중앙대 교수 해고,https://gall.dcinside.com/board/view/?id=cau&no=372639,Active,720,720,,2026-10-05
k_arts_faculty_firing,한국예술종합학교 교수 해고,https://gall.dcinside.com/mgallery/board/view/?id=knua&no=543,Active,46,0,,2026-10-05
yonsei_faculty_firing,연세대 교수 해고,https://gall.dcinside.com/board/view/?id=yonseiuniversity&no=156848,Active,133,0,,2026-10-05
sejong_faculty_firing,세종대 교수 해고,https://gall.dcinside.com/board/view/?id=sejong&no=260439,Active,126,0,,2026-10-05
kyunghee_faculty_firing,경희대 교수 해고,https://gall.dcinside.com/board/view/?id=khu&no=444074,Active,133,0,,2026-10-05
duksung_faculty_firing,덕성여자대 교수 해고,https://gall.dcinside.com/board/view/?id=duksung&no=22877,Active,88,0,,2026-10-05
feminism_faculty_firing,페미니즘 교수 해고,https://gall.dcinside.com/mgallery/board/view/?id=feminism1&no=710,Active,563,563,,2026-10-05
hufs_faculty_firing,한국외국어대 교수 해고,https://gall.dcinside.com/board/view/?id=hufs&no=248772,Active,122,0,,2026-10-05
konkuk_faculty_firing,건국대 교수 해고,https://gall.dcinside.com/board/view/?id=konkuk&no=205817,Active,107,0,,2026-10-05
hongik_faculty_firing,홍익대 교수 해고,https://gall.dcinside.com/board/view/?id=hongik&no=195889,Active,113,0,,2026-10-05
hanyang_faculty_firing,한양대 교수 해고,https://gall.dcinside.com/board/view/?id=hanyang&no=202421,Active,133,0,,2026-10-05
sungyunkwan_faculty_firing,성균관대 교수 해고,https://gall.dcinside.com/board/view/?id=skku&no=309232,Active,161,0,,2026-10-05
sogang_faculty_firing,서강대 교수 해고,https://gall.dcinside.com/board/view/?id=sogang&no=649384,Active,586,586,,2026-10-05
ewha_faculty_firing,이화여자대 교수 해고,https://gall.dcinside.com/board/view/?id=ewhawomans_univ&no=41273,Active,99,0,,2026-10-05
seoul_municipal_faculty_firing,서울시립대 교수 해고,https://gall.dcinside.com/board/view/?id=uos&no=235819,Active,166,0,,2026-10-05
sungshin_womens_faculty_firing,성신여자대 교수 해고,https://gall.dcinside.com/board/view/?id=sungshin&no=36941,Active,89,0,,2026-10-05
sookmyung_womens_faculty_firing,숙명여자대 교수 해고,https://gall.dcinside.com/board/view/?id=sookmyungwomans_univ&no=22565,Active,99,0,,2026-10-05
seoul_womens_uni_faculty_firing,서울여자대 교수 해고,https://gall.dcinside.com/board/view/?id=swu&no=9285,Active,97,0,,2026-10-05
suwon_womens_uni_faculty_firing,수원여자대 교수 해고,https://gall.dcinside.com/mini/board/view/?id=swu&no=32,Active,857,857,,2026-10-05
university_students_faculty_firing,대학생 교수 해고,https://gall.dcinside.com/mgallery/board/view/?id=univ&no=479,Active,617,617,,2026-10-05
dongdeok_womens_defamation_law,동덕여자대 명예훼손법,https://gall.dcinside.com/board/view/?id=dongduk&no=466795,Active,120,0,,2026-10-05
chungang_defamation_law,중앙대 명예훼손법,https://gall.dcinside.com/board/view/?id=cau&no=372643,Active,135,0,,2026-10-05
sungyunkwan_defamation_law,성균관대 명예훼손법,https://gall.dcinside.com/board/view/?id=skku&no=309239,Active,112,0,,2026-10-05
dongguk_defamation_law,동국대 명예훼손법,https://gall.dcinside.com/board/view/?id=dongguk&no=128404,Active,590,590,,2026-10-05
sejong_defamation_law,세종대 명예훼손법,https://gall.dcinside.com/board/view/?id=sejong&no=260440,Active,103,0,,2026-10-05
hongik_defamation_law,홍익대 명예훼손법,https://gall.dcinside.com/board/view/?id=hongik&no=195896,Active,74,0,,2026-10-05
hanyang_defamation_law,한양대 명예훼손법,https://gall.dcinside.com/board/view/?id=hanyang&no=202425,Active,91,0,,2026-10-05
korea_defamation_law,고려대 명예훼손법,https://gall.dcinside.com/board/view/?id=koreauniversity&no=143643,Active,110,0,,2026-10-05
university_students_defamation_law,대학생 명예훼손법,https://gall.dcinside.com/mgallery/board/view/?id=univ&no=480,Active,558,558,,2026-10-05
hufs_defamation_law,한국외국어대 명예훼손법,https://gall.dcinside.com/board/view/?id=hufs&no=248775,Active,108,0,,2026-10-05
feminism_defamation_law,페미니즘 명예훼손법,https://gall.dcinside.com/mgallery/board/view/?id=feminism1&no=712,Active,547,547,,2026-10-05
seoul_municipal_defamation_law,서울시립대 명예훼손법,https://gall.dcinside.com/board/view/?id=uos&no=235822,Active,140,0,,2026-10-05
k_arts_defamation_law,한국예술종합학교 명예훼손법,https://gall.dcinside.com/mgallery/board/view/?id=knua&no=545,Active,35,0,,2026-10-05
kyunghee_defamation_law,경희대 명예훼손법,https://gall.dcinside.com/board/view/?id=khu&no=444077,Active,106,0,,2026-10-05
sogang_defamation_law,서강대 명예훼손법,https://gall.dcinside.com/board/view/?id=sogang&no=649455,Active,581,581,,2026-10-05
sookmyung_womens_defamation_law,숙명여자대 명예훼손법,https://gall.dcinside.com/board/view/?id=sookmyungwomans_univ&no=22566,Active,77,0,,2026-10-05
suwon_womens_uni_defamation_law,수원여자대 명예훼손법,https://gall.dcinside.com/mini/board/view/?id=swu&no=33,Active,639,639,,2026-10-05
duksung_defamation_law,덕성여자대 명예훼손법,https://gall.dcinside.com/board/view/?id=duksung&no=22878,Active,80,0,,2026-10-05
seoul_national_defamation_law,서울대 명예훼손법,https://gall.dcinside.com/board/view/?id=seouluniversity&no=232941,Active,103,0,,2026-10-05
seoul_womens_uni_defamation_law,서울여자대 명예훼손법,https://gall.dcinside.com/board/view/?id=swu&no=9286,Active,82,0,,2026-10-05
yonsei_defamation_law,연세대 명예훼손법,https://gall.dcinside.com/board/view/?id=yonseiuniversity&no=156852,Active,109,0,,2026-10-05
sungshin_womens_defamation_law,성신여자대 명예훼손법,https://gall.dcinside.com/board/view/?id=sungshin&no=36946,Active,79,0,,2026-10-05
konkuk_defamation_law,건국대 명예훼손법,https://gall.dcinside.com/board/view/?id=konkuk&no=205829,Active,108,0,,2026-10-05
seoul_national_military_lgbt,서울대 군대 LGBT,https://gall.dcinside.com/board/view/?id=seouluniversity&no=232994,Active,0,0,,2026-10-05
sungyunkwan_military_lgbt,성균관대 군대 LGBT,https://gall.dcinside.com/board/view/?id=skku&no=309252,Active,0,0,,2026-10-05
dongguk_military_lgbt,동국대 군대 LGBT,https://gall.dcinside.com/board/view/?id=dongguk&no=128409,Active,0,0,,2026-10-05
dongdeok_womens_military_lgbt,동덕여자대 군대 LGBT,https://gall.dcinside.com/board/view/?id=dongduk&no=466854,Active,0,0,,2026-10-05
sogang_military_lgbt,서강대 군대 LGBT,https://gall.dcinside.com/board/view/?id=sogang&no=649510,Active,0,0,,2026-10-05
seoul_municipal_military_lgbt,서울시립대 군대 LGBT,https://gall.dcinside.com/board/view/?id=uos&no=235824,Active,0,0,,2026-10-05
duksung_military_lgbt,덕성여자대 군대 LGBT,https://gall.dcinside.com/board/view/?id=duksung&no=22882,Active,0,0,,2026-10-05
yonsei_military_lgbt,연세대 군대 LGBT,https://gall.dcinside.com/board/view/?id=yonseiuniversity&no=156861,Active,0,0,,2026-10-05
chungang_military_lgbt,중앙대 군대 LGBT,https://gall.dcinside.com/board/view/?id=cau&no=372646,Active,0,0,,2026-10-05
hufs_military_lgbt,한국외국어대 군대 LGBT,https://gall.dcinside.com/board/view/?id=hufs&no=248778,Active,0,0,,2026-10-05
k_arts_military_lgbt,한국예술종합학교 군대 LGBT,https://gall.dcinside.com/mgallery/board/view/?id=knua&no=546,Active,0,0,,2026-10-05
korea_military_lgbt,고려대 군대 LGBT,https://gall.dcinside.com/board/view/?id=koreauniversity&no=143658,Active,0,0,,2026-10-05
university_students_military_lgbt,대학생 군대 LGBT,https://gall.dcinside.com/mgallery/board/view/?id=univ&no=482,Active,0,0,,2026-10-05
sejong_military_lgbt,세종대 군대 LGBT,https://gall.dcinside.com/board/view/?id=sejong&no=260444,Active,0,0,,2026-10-05
kyunghee_military_lgbt,경희대 군대 LGBT,https://gall.dcinside.com/board/view/?id=khu&no=444082,Active,0,0,,2026-10-05
seoul_womens_uni_military_lgbt,서울여자대 군대 LGBT,https://gall.dcinside.com/board/view/?id=swu&no=9289,Active,0,0,,2026-10-05
hongik_military_lgbt,홍익대 군대 LGBT,https://gall.dcinside.com/board/view/?id=hongik&no=195904,Active,0,0,,2026-10-05
hanyang_military_lgbt,한양대 군대 LGBT,https://gall.dcinside.com/board/view/?id=hanyang&no=202433,Active,0,0,,2026-10-05
ewha_military_lgbt,이화여자대 군대 LGBT,https://gall.dcinside.com/board/view/?id=ewhawomans_univ&no=41287,Active,0,0,,2026-10-05
konkuk_military_lgbt,건국대 군대 LGBT,https://gall.dcinside.com/board/view/?id=konkuk&no=205842,Active,0,0,,2026-10-05
sungshin_womens_military_lgbt,성신여자대 군대 LGBT,https://gall.dcinside.com/board/view/?id=sungshin&no=36955,Active,0,0,,2026-10-05
sookmyung_womens_military_lgbt,숙명여자대 군대 LGBT,https://gall.dcinside.com/board/view/?id=sookmyungwomans_univ&no=22568,Active,0,0,,2026-10-05
suwon_womens_uni_military_lgbt,수원여자대 군대 LGBT,https://gall.dcinside.com/mini/board/view/?id=swu&no=34,Active,0,0,,2026-10-05
r-pusan,부산대,https://gall.dcinside.com/board/view/?id=pusanu&no=652819,Active,109,0,,2026-10-05
r-dong_a,동아대,https://gall.dcinside.com/board/view/?id=dongau&no=426384,Active,89,0,,2026-10-05
r-bukyeong,부경대,https://gall.dcinside.com/board/view/?id=pknu&no=344285,Active,0,0,,2026-10-05
r-busan_foreign,부산외국어대,https://gall.dcinside.com/mgallery/board/view/?id=bufs&no=8598,Active,646,646,,2026-10-05
r-inje,인제대,https://gall.dcinside.com/mgallery/board/view/?id=inje&no=2483,Active,635,635,,2026-10-05
r-gyeongsang_nat,경상국립대,https://gall.dcinside.com/board/view/?id=gsnu&no=107102,Active,92,0,,2026-10-05
r-changwon,창원대,https://gall.dcinside.com/board/view/?id=changwon&no=47239,Active,107,0,,2026-10-05
r-chungnam_nat,충남대,https://gall.dcinside.com/board/view/?id=cnu&no=172852,Active,640,640,,2026-10-05
r-kaist,KAIST,https://gall.dcinside.com/board/view/?id=kaist&no=26667,Active,76,0,,2026-10-05
r-chungbuk_nat,충북대,https://gall.dcinside.com/board/view/?id=chungbuk&no=225346,Active,707,707,,2026-10-05
r-paichai,배재대,https://gall.dcinside.com/board/view/?id=pcu&no=67703,Active,67,0,,2026-10-05
r-jeonbuk_nat,전북대,https://gall.dcinside.com/board/view/?id=chonbuk&no=282011,Active,71,0,,2026-10-05
r-kyungpook,경북대,https://gall.dcinside.com/mini/board/view/?id=knu&no=79,Active,518,518,,2026-10-05
r-keimyung,계명대,https://gall.dcinside.com/board/view/?id=kmu&no=96173,Active,100,0,,2026-10-05
r-yeungnam,영남대,https://gall.dcinside.com/board/view/?id=ynu&no=396115,Active,168,0,,2026-10-05
r-daegu,대구대,https://gall.dcinside.com/board/view/?id=daegu&no=86628,Active,84,0,,2026-10-05
r-andong,안동대,https://gall.dcinside.com/mgallery/board/view/?id=anu&no=7409,Active,629,629,,2026-10-05
r-chonnam,전남대,https://gall.dcinside.com/board/view/?id=chonnam&no=261250,Active,92,0,,2026-10-05
r-chosun,조선대,https://gall.dcinside.com/board/view/?id=chosun&no=197304,Active,656,656,,2026-10-05
r-honam,호남대,https://gall.dcinside.com/mgallery/board/view/?id=honam&no=738,Active,578,578,,2026-10-05
r-inha,인하대,https://gall.dcinside.com/board/view/?id=inha&no=1182344,Active,159,0,,2026-10-05
r-incheon,인천대,https://gall.dcinside.com/board/view/?id=incheon&no=158760,Active,108,0,,2026-10-05
r-ajou,아주대,https://gall.dcinside.com/board/view/?id=ajou&no=676433,Active,92,0,,2026-10-05
r-dankook,단국대,https://gall.dcinside.com/board/view/?id=dankook&no=328290,Active,318,0,,2026-10-05
r-gachon,가천대,https://gall.dcinside.com/board/view/?id=kyungwon&no=260446,Active,631,631,,2026-10-05
r-kyonggi,경기대,https://gall.dcinside.com/board/view/?id=kyonggi&no=121471,Active,133,0,,2026-10-05
r-kangwon,강원대,https://gall.dcinside.com/board/view/?id=kangwon&no=194361,Active,612,612,,2026-10-05
r-hallym,한림대,https://gall.dcinside.com/board/view/?id=hallym&no=33170,Active,91,0,,2026-10-05
r-jeju,제주대,https://gall.dcinside.com/board/view/?id=cheju&no=33561,Active,84,0,,2026-10-05
sejong_fraud,세종대 사기,https://gall.dcinside.com/board/view/?id=sejong&no=260453,Active,78,0,,2026-10-05
seoul_municipal_fraud,서울시립대 사기,https://gall.dcinside.com/board/view/?id=uos&no=235844,Active,111,0,,2026-10-05
dongguk_fraud,동국대 사기,https://gall.dcinside.com/board/view/?id=dongguk&no=128426,Active,611,611,,2026-10-05
hongik_fraud,홍익대 사기,https://gall.dcinside.com/board/view/?id=hongik&no=195924,Active,57,0,,2026-10-05
chungang_fraud,중앙대 사기,https://gall.dcinside.com/board/view/?id=cau&no=372660,Active,125,0,,2026-10-05
konkuk_fraud,건국대 사기,https://gall.dcinside.com/board/view/?id=konkuk&no=205884,Active,91,0,,2026-10-05
seoul_national_fraud,서울대 사기,https://gall.dcinside.com/board/view/?id=seouluniversity&no=233126,Active,104,0,,2026-10-05
korea_fraud,고려대 사기,https://gall.dcinside.com/board/view/?id=koreauniversity&no=143704,Active,120,0,,2026-10-05
yonsei_fraud,연세대 사기,https://gall.dcinside.com/board/view/?id=yonseiuniversity&no=156889,Active,95,0,,2026-10-05
duksung_fraud,덕성여자대 사기,https://gall.dcinside.com/board/view/?id=duksung&no=22891,Active,69,0,,2026-10-05
sookmyung_womens_fraud,숙명여자대 사기,https://gall.dcinside.com/board/view/?id=sookmyungwomans_univ&no=22582,Active,57,0,,2026-10-05
seoul_womens_uni_fraud_1,서울여자대 사기,https://gall.dcinside.com/mini/board/view/?id=swu&no=36,Active,560,560,,2026-10-05
university_students_fraud,대학생 사기,https://gall.dcinside.com/mgallery/board/view/?id=univ&no=487,Active,567,567,,2026-10-05
hufs_fraud,한국외국어대 사기,https://gall.dcinside.com/board/view/?id=hufs&no=248789,Active,115,0,,2026-10-05
seoul_womens_uni_fraud_2,서울여자대 사기,https://gall.dcinside.com/board/view/?id=swu&no=9308,Active,85,0,,2026-10-05
ewha_fraud,이화여자대 사기,https://gall.dcinside.com/board/view/?id=ewhawomans_univ&no=41313,Active,90,0,,2026-10-05
kyunghee_fraud,경희대 사기,https://gall.dcinside.com/board/view/?id=khu&no=444097,Active,92,0,,2026-10-05
hanyang_fraud,한양대 사기,https://gall.dcinside.com/board/view/?id=hanyang&no=202451,Active,78,0,,2026-10-05
sungyunkwan_fraud,성균관대 사기,https://gall.dcinside.com/board/view/?id=skku&no=309286,Active,141,0,,2026-10-05
sungshin_womens_fraud,성신여자대 사기,https://gall.dcinside.com/board/view/?id=sungshin&no=36982,Active,67,0,,2026-10-05
sogang_fraud,서강대 사기,https://gall.dcinside.com/board/view/?id=sogang&no=649660,Active,549,549,,2026-10-05
dongdeok_womens_fraud,동덕여자대 사기,https://gall.dcinside.com/board/view/?id=dongduk&no=467073,Active,140,0,,2026-10-05
k_arts_fraud,한국예술종합학교 사기,https://gall.dcinside.com/mgallery/board/view/?id=knua&no=550,Active,184,0,,2026-10-05
hufs_hrw,한국외대 HRW,https://gall.dcinside.com/board/view/?id=hufs&no=248792,Active,67,0,,2026-10-05
dongdeok_womens_hrw,동덕여대 HRW,https://gall.dcinside.com/board/view/?id=dongduk&no=467095,Active,93,0,,2026-10-05
seoul_national_hrw,서울대 HRW,https://gall.dcinside.com/board/view/?id=seouluniversity&no=233155,Active,65,0,,2026-10-05
r-dankook_hrw,단국대 HRW,https://gall.dcinside.com/board/view/?id=dankook&no=328295,Active,81,0,,2026-10-05
r-gachon_hrw,가천대 HRW,https://gall.dcinside.com/board/view/?id=kyungwon&no=260459,Active,563,563,,2026-10-05
r-busan_foreign_hrw,부산외국어대 HRW,https://gall.dcinside.com/mgallery/board/view/?id=bufs&no=8604,Active,574,574,,2026-10-05
r-inje_hrw,인제대 HRW,https://gall.dcinside.com/mgallery/board/view/?id=inje&no=2484,Active,554,554,,2026-10-05
r-gyeongsang_nat_hrw,경상국립대 HRW,https://gall.dcinside.com/board/view/?id=gsnu&no=107191,Active,68,0,,2026-10-05
r-changwon_hrw,창원대 HRW,https://gall.dcinside.com/board/view/?id=changwon&no=47385,Active,73,0,,2026-10-05
r-chungnam_nat_hrw,충남대 HRW,https://gall.dcinside.com/board/view/?id=cnu&no=172876,Active,571,571,,2026-10-05
r-kaist_hrw,KAIST HRW,https://gall.dcinside.com/board/view/?id=kaist&no=26670,Active,49,0,,2026-10-05
r-paichai_hrw,배재대 HRW,https://gall.dcinside.com/board/view/?id=pcu&no=67706,Active,50,0,,2026-10-05
r-jeonbuk_nat_hrw,전북대 HRW,https://gall.dcinside.com/board/view/?id=chonbuk&no=282042,Active,60,0,,2026-10-05
r-kyungpook_hrw,경북대 HRW,https://gall.dcinside.com/mini/board/view/?id=knu&no=80,Active,498,498,,2026-10-05
r-keimyung_hrw,계명대 HRW,https://gall.dcinside.com/board/view/?id=kmu&no=96178,Active,63,0,,2026-10-05
r-yeungnam_hrw,영남대 HRW,https://gall.dcinside.com/board/view/?id=ynu&no=396121,Active,102,0,,2026-10-05
r-daegu_hrw,대구대 HRW,https://gall.dcinside.com/board/view/?id=daegu&no=86632,Active,53,0,,2026-10-05
r-kyonggi_hrw,경기대 HRW,https://gall.dcinside.com/board/view/?id=kyonggi&no=121476,Active,108,0,,2026-10-05
duksung_hrw,덕성여대 HRW,https://gall.dcinside.com/board/view/?id=duksung&no=22893,Active,49,0,,2026-10-05
r-chonnam_hrw,전남대 HRW,https://gall.dcinside.com/board/view/?id=chonnam&no=261281,Active,66,0,,2026-10-05
r-chosun_hrw,조선대 HRW,https://gall.dcinside.com/board/view/?id=chosun&no=197314,Active,110,0,,2026-10-05
r-incheon_hrw,인천대 HRW,https://gall.dcinside.com/board/view/?id=incheon&no=158891,Active,71,0,,2026-10-05
r-ajou_hrw,아주대 HRW,https://gall.dcinside.com/board/view/?id=ajou&no=676437,Active,63,0,,2026-10-05
r-hallym_hrw,한림대 HRW,https://gall.dcinside.com/board/view/?id=hallym&no=33171,Active,63,0,,2026-10-05
korea_hrw,고려대 HRW,https://gall.dcinside.com/board/view/?id=koreauniversity&no=143718,Active,83,0,,2026-10-05
seoul_womens_uni_hrw,서울여대 HRW,https://gall.dcinside.com/board/view/?id=swu&no=9312,Active,50,0,,2026-10-05
r-pusan_hrw,부산대 HRW,https://gall.dcinside.com/board/view/?id=pusanu&no=652838,Active,87,0,,2026-10-05
r-andong_hrw,안동대 HRW,https://gall.dcinside.com/mgallery/board/view/?id=anu&no=7413,Active,563,563,,2026-10-05
dongguk_hrw,동국대 HRW,https://gall.dcinside.com/board/view/?id=dongguk&no=128431,Active,545,545,,2026-10-05
yonsei_hrw,연세대 HRW,https://gall.dcinside.com/board/view/?id=yonseiuniversity&no=156897,Active,68,0,,2026-10-05
chungang_hrw,중앙대 HRW,https://gall.dcinside.com/board/view/?id=cau&no=372666,Active,55,0,,2026-10-05
hongik_hrw,홍익대 HRW,https://gall.dcinside.com/board/view/?id=hongik&no=195932,Active,39,0,,2026-10-05
hanyang_hrw,한양대 HRW,https://gall.dcinside.com/board/view/?id=hanyang&no=202453,Active,56,0,,2026-10-05
ewha_hrw,이화여대 HRW,https://gall.dcinside.com/board/view/?id=ewhawomans_univ&no=41322,Active,44,0,,2026-10-05
r-kangwon_hrw,강원대 HRW,https://gall.dcinside.com/board/view/?id=kangwon&no=194413,Active,587,587,,2026-10-05
r-jeju_hrw,제주대 HRW,https://gall.dcinside.com/board/view/?id=cheju&no=33568,Active,51,0,,2026-10-05
university_students_hrw,대학생 HRW,https://gall.dcinside.com/mgallery/board/view/?id=univ&no=489,Active,529,529,,2026-10-05
sungshin_womens_hrw,성신여대 HRW,https://gall.dcinside.com/board/view/?id=sungshin&no=36989,Active,44,0,,2026-10-05
sejong_hrw,세종대 HRW,https://gall.dcinside.com/board/view/?id=sejong&no=260456,Active,73,0,,2026-10-05
sogang_hrw,서강대 HRW,https://gall.dcinside.com/board/view/?id=sogang&no=649736,Active,543,543,,2026-10-05
kyunghee_hrw,경희대 HRW,https://gall.dcinside.com/board/view/?id=khu&no=444103,Active,64,0,,2026-10-05
sookmyung_womens_hrw,숙명여대 HRW,https://gall.dcinside.com/board/view/?id=sookmyungwomans_univ&no=22584,Active,45,0,,2026-10-05
seoul_municipal_hrw,서울시립대 HRW,https://gall.dcinside.com/board/view/?id=uos&no=235849,Active,97,0,,2026-10-05
feminism_hrw,페미니즘 HRW,https://gall.dcinside.com/mgallery/board/view/?id=feminism1&no=726,Active,511,511,,2026-10-05
konkuk_hrw,건국대 HRW,https://gall.dcinside.com/board/view/?id=konkuk&no=205900,Active,67,0,,2026-10-05
r-bukyeong_hrw,부경대 HRW,https://gall.dcinside.com/board/view/?id=pknu&no=344704,Active,0,0,,2026-10-05
r-honam_hrw,호남대 HRW,https://gall.dcinside.com/mgallery/board/view/?id=honam&no=739,Active,549,549,,2026-10-05
sungyunkwan_hrw,성균관대 HRW,https://gall.dcinside.com/board/view/?id=skku&no=309293,Active,91,0,,2026-10-05
r-dong_a_hrw,동아대 HRW,https://gall.dcinside.com/board/view/?id=dongau&no=426390,Active,72,0,,2026-10-05
k_arts_hrw,한국예술종합학교 HRW,https://gall.dcinside.com/mgallery/board/view/?id=knua&no=552,Active,106,0,,2026-10-05
k_arts_warning_custom,한국예술종합학교 경고,https://gall.dcinside.com/mgallery/board/view/?id=knua&no=556,Active,145,0,,2026-10-05
dongguk_ubc_fraud,동국대 UBC 사기,https://gall.dcinside.com/board/view/?id=dongguk&no=128568,Active,730,730,,2026-10-05
dongguk_cdn_emb,동국대 캐나다 외교,https://gall.dcinside.com/board/view/?id=dongguk&no=128569,Active,0,0,,2026-10-05
donggu_ubc_foi,동국대 UBC 정보공개,https://gall.dcinside.com/board/view/?id=dongguk&no=128966,Active,575,575,,2026-10-05
dongguk_soton_fraud,동국대 사우스햄튼 사기,https://gall.dcinside.com/board/view/?id=dongguk&no=128993,Active,578,578,,2026-10-05
dongguk_tsinghua_warning,동국대 칭화대 경고,https://gall.dcinside.com/board/view/?id=dongguk&no=129005,Active,520,520,,2026-10-05
dongguk_bfsu_fraud,동국대 북경외대 사기,https://gall.dcinside.com/board/view/?id=dongguk&no=129009,Active,470,470,,2026-10-05
dongguk_hit_fraud,동국대 하얼빈공대 사기,https://gall.dcinside.com/board/view/?id=dongguk&no=129010,Active,745,745,,2026-10-05
dongguk_peking_fraud,동국대 북경대 사기,https://gall.dcinside.com/board/view/?id=dongguk&no=129011,Active,486,486,,2026-10-05
dongguk_china_4_frauds,동국대 중국 4개대 사기,https://gall.dcinside.com/board/view/?id=dongguk&no=129015,Active,599,599,,2026-10-05
dongguk_oceania_6_frauds,동국대 오세아니아 6개대 사기,https://gall.dcinside.com/board/view/?id=dongguk&no=129026,Active,0,0,,2026-10-05
dongguk_30_frauds,동국대 30개대 사기,https://gall.dcinside.com/board/view/?id=dongguk&no=129031,Active,729,729,,2026-10-05
dongguk_aacsb_warning,동국대 AACSB 경고,https://gall.dcinside.com/board/view/?id=dongguk&no=129062,Active,532,532,,2026-10-05
dongguk_soton_safety_breach,동국대 사우스햄튼 안전위반,https://gall.dcinside.com/board/view/?id=dongguk&no=129068,Active,510,510,,2026-10-05
dongguk_scrubbing_fail,동국대 파트너 삭제 실패,https://gall.dcinside.com/board/view/?id=dongguk&no=129141,Active,379,0,,2026-10-05
dongguk_zero_canada,동국대 캐나다 0곳,https://gall.dcinside.com/board/view/?id=dongguk&no=129142,Active,503,503,,2026-10-05
seoul_national_fake_partners,서울대 파트너 허위,https://gall.dcinside.com/board/view/?id=seouluniversity&no=234659,Active,134,0,,2026-10-05
dongguk_warning_400,동국대 400 경고,https://gall.dcinside.com/board/view/?id=dongguk&no=129396&page=1,Active,535,535,,2026-10-05
dongguk_gep_fail,동국대 GEP 미준수,https://gall.dcinside.com/board/view/?id=dongguk&no=129430,Active,437,437,,2026-10-05
cau_27p_recip,중앙대 27% 상호인정,https://gall.dcinside.com/board/view/?id=cau&no=373189,Active,797,797,,2026-10-05
movie_netflix_eu,동국·중앙 넷플릭스·EU 통보,https://gall.dcinside.com/board/view/?id=movie2&no=6583416,Active,368,368,,2026-10-05
dongguk_jiff_2026,동국 전주영화제 2026,https://gall.dcinside.com/board/view/?id=dongguk&no=129505,Active,560,560,,2026-10-05
dongguk_eu_stem,동국대 EU STEM,https://gall.dcinside.com/board/view/?id=dongguk&no=129509,Active,811,811,,2026-10-05
dongguk_orphan_3fake,동국대 가짜 3곳,https://gall.dcinside.com/board/view/?id=dongguk&no=129523,Active,674,0,,2026-10-05
jiff_west6_fujifilm,전주 서방6국 후지필름,https://gall.dcinside.com/board/view/?id=movie2&no=6584571,Active,0,0,,2026-10-05
